<?xml version="1.0" encoding="UTF-8" ?>
<configuration>
  <include resource="org/springframework/boot/logging/logback/defaults.xml"/>
  <!-- 属性文件:在properties文件中找到对应的配置项 -->
  <springProperty scope="context" name="logging.path" source="logging.file.path"/>
  <appender name="STDOUT" class="ch.qos.logback.core.ConsoleAppender">
    <encoder>
      <!-- pattern节点，用来设置日志的输入格式 -->
      <pattern>${CONSOLE_LOG_PATTERN}</pattern>
      <!-- 记录日志的编码 -->
      <!--            <charset>UTF-8</charset>-->
    </encoder>
  </appender>
  <!--根据日志级别分离日志，分别输出到不同的文件-->
  <appender name="ROOT-INFO" class="ch.qos.logback.core.rolling.RollingFileAppender">
    <filter class="ch.qos.logback.classic.filter.LevelFilter">
      <level>INFO</level>
      <onMatch>ACCEPT</onMatch>
      <onMismatch>DENY</onMismatch>
    </filter>
    <encoder class="ch.qos.logback.classic.encoder.PatternLayoutEncoder">
      <!-- pattern节点，用来设置日志的输入格式 -->
      <pattern>${FILE_LOG_PATTERN}</pattern>
      <!-- 记录日志的编码 -->
      <!--            <charset>UTF-8</charset>-->
    </encoder>
    <!--滚动策略-->
    <rollingPolicy class="ch.qos.logback.core.rolling.TimeBasedRollingPolicy">
      <!--按时间保存日志 修改格式可以按小时、按天、月来保存-->
      <fileNamePattern>${logging.path}/middleware.stream.media.info.%d{yyyy-MM-dd}.log</fileNamePattern>
      <!--保存时长-->
      <MaxHistory>30</MaxHistory>
      <!--文件大小-->
      <totalSizeCap>100MB</totalSizeCap>
    </rollingPolicy>
  </appender>


  <appender name="ROOT-ERROR" class="ch.qos.logback.core.rolling.RollingFileAppender">
    <filter class="ch.qos.logback.classic.filter.LevelFilter">
      <level>ERROR</level>
      <onMatch>ACCEPT</onMatch>
      <onMismatch>DENY</onMismatch>
    </filter>
    <encoder class="ch.qos.logback.classic.encoder.PatternLayoutEncoder">
      <!-- pattern节点，用来设置日志的输入格式 -->
      <pattern>${FILE_LOG_PATTERN}</pattern>
      <!-- 记录日志的编码 -->
      <!--            <charset>UTF-8</charset>-->
    </encoder>
    <!--滚动策略-->
    <rollingPolicy class="ch.qos.logback.core.rolling.TimeBasedRollingPolicy">
      <!--按时间保存日志 修改格式可以按小时、按天、月来保存-->
      <fileNamePattern>${logging.path}/middleware.stream.media.error.%d{yyyy-MM-dd}.log</fileNamePattern>
      <!--保存时长-->
      <MaxHistory>30</MaxHistory>
      <!--文件大小-->
      <totalSizeCap>100MB</totalSizeCap>
    </rollingPolicy>
  </appender>
  <!-- 生成 SIP日志追加 -->
  <appender name="GB28181RollingFile" class="ch.qos.logback.core.rolling.RollingFileAppender">
    <rollingPolicy class="ch.qos.logback.core.rolling.SizeAndTimeBasedRollingPolicy">
      <!--历史日志文件输出的文件名 -->
      <FileNamePattern>${logging.path}/middleware.stream.media.gb28181-%d{yyyy-MM-dd}.%i.log</FileNamePattern>
      <!--日志文件保留天数 -->
      <MaxHistory>30</MaxHistory>
      <maxFileSize>50MB</maxFileSize>
    </rollingPolicy>
    <encoder class="ch.qos.logback.classic.encoder.PatternLayoutEncoder">
      <!--格式化输出：%d表示日期，%thread表示线程名，%-5level：级别从左显示5个字符宽度%msg：日志消息，%n是换行符 -->
      <pattern>%d{yyyy-MM-dd HH:mm:ss.SSS} [%thread] %-5level %logger{50}:%L - %msg%n</pattern>
      <charset>UTF-8</charset>
    </encoder>
  </appender>

  <appender name="JTT1078RollingFile" class="ch.qos.logback.core.rolling.RollingFileAppender">
    <rollingPolicy class="ch.qos.logback.core.rolling.SizeAndTimeBasedRollingPolicy">
      <!--历史日志文件输出的文件名 -->
      <FileNamePattern>${logging.path}/middleware.stream.media.jtt1078-%d{yyyy-MM-dd}.%i.log</FileNamePattern>
      <!--日志文件保留天数 -->
      <MaxHistory>30</MaxHistory>
      <maxFileSize>50MB</maxFileSize>
    </rollingPolicy>
    <encoder class="ch.qos.logback.classic.encoder.PatternLayoutEncoder">
      <!--格式化输出：%d表示日期，%thread表示线程名，%-5level：级别从左显示5个字符宽度%msg：日志消息，%n是换行符 -->
      <pattern>%d{yyyy-MM-dd HH:mm:ss.SSS} [%thread] %-5level %logger{50}:%L - %msg%n</pattern>
      <charset>UTF-8</charset>
    </encoder>
  </appender>
  <appender name="ForwardJTT1078RollingFile" class="ch.qos.logback.core.rolling.RollingFileAppender">
    <rollingPolicy class="ch.qos.logback.core.rolling.SizeAndTimeBasedRollingPolicy">
      <!--历史日志文件输出的文件名 -->
      <FileNamePattern>${logging.path}/middleware.stream.media.forwardJTT808-%d{yyyy-MM-dd}.%i.log</FileNamePattern>
      <!--日志文件保留天数 -->
      <MaxHistory>30</MaxHistory>
      <maxFileSize>50MB</maxFileSize>
    </rollingPolicy>
    <encoder class="ch.qos.logback.classic.encoder.PatternLayoutEncoder">
      <!--格式化输出：%d表示日期，%thread表示线程名，%-5level：级别从左显示5个字符宽度%msg：日志消息，%n是换行符 -->
      <pattern>%d{yyyy-MM-dd HH:mm:ss.SSS} [%thread] %-5level %logger{50}:%L - %msg%n</pattern>
      <charset>UTF-8</charset>
    </encoder>
  </appender>
  <appender name="HikvisionRollingFile" class="ch.qos.logback.core.rolling.RollingFileAppender">
    <rollingPolicy class="ch.qos.logback.core.rolling.SizeAndTimeBasedRollingPolicy">
      <!--历史日志文件输出的文件名 -->
      <FileNamePattern>${logging.path}/middleware.stream.media.hikvision-%d{yyyy-MM-dd}.%i.log</FileNamePattern>
      <!--日志文件保留天数 -->
      <MaxHistory>30</MaxHistory>
      <maxFileSize>50MB</maxFileSize>
    </rollingPolicy>
    <encoder class="ch.qos.logback.classic.encoder.PatternLayoutEncoder">
      <!--格式化输出：%d表示日期，%thread表示线程名，%-5level：级别从左显示5个字符宽度%msg：日志消息，%n是换行符 -->
      <pattern>%d{yyyy-MM-dd HH:mm:ss.SSS} [%thread] %-5level %logger{50}:%L - %msg%n</pattern>
      <charset>UTF-8</charset>
    </encoder>
  </appender>

  <logger name="com.link.anything.middleware.stream" additivity="false" level="DEBUG">
    <appender-ref ref="ROOT-INFO"/>
    <appender-ref ref="ROOT-ERROR"/>
    <appender-ref ref="STDOUT"/>
  </logger>
  <logger name="com.link.anything.middleware.stream.media.protocol.jtt1078.forward" additivity="false" level="DEBUG">
    <appender-ref ref="ForwardJTT1078RollingFile"/>
    <appender-ref ref="STDOUT"/>
  </logger>
  <logger name="com.link.anything.middleware.stream.media.protocol.jtt1078" additivity="false" level="DEBUG">
    <appender-ref ref="JTT1078RollingFile"/>
    <appender-ref ref="STDOUT"/>
  </logger>
  <logger name="com.link.anything.middleware.stream.media.protocol.gb28181" additivity="false" level="DEBUG">
    <appender-ref ref="GB28181RollingFile"/>
    <appender-ref ref="STDOUT"/>
  </logger>

  <logger name="com.hikvision.artemis.sdk" additivity="false" level="error">
    <appender-ref ref="HikvisionRollingFile"/>
    <appender-ref ref="STDOUT"/>
  </logger>
  <logger name="com.link.anything.middleware.stream.media.protocol.hikvision" additivity="false" level="DEBUG">
    <appender-ref ref="HikvisionRollingFile"/>
    <appender-ref ref="STDOUT"/>
  </logger>
  <logger name="javax.websocket" level="debug" additivity="false">
    <appender-ref ref="STDOUT"/>
  </logger>
  <springProfile name="dev">
    <logger name="org.springframework" level="debug" additivity="false">
      <appender-ref ref="STDOUT"/>
    </logger>
  </springProfile>
  <root level="INFO">
    <appender-ref ref="STDOUT"/>
  </root>
</configuration>
